,mean,std
RandomForest,0.8983333333333332,0.008975274678557483
SVM,0.9012499999999999,0.00746519702798706
NaiveBayes,0.8133333333333332,0.011755613316388233
KNN,0.875,0.010034662148993581
DecisionTree,0.8229166666666667,0.02118453969814362
