,mean,std
RandomForest,0.602109243697479,0.010141371767244773
SVM,0.6308655462184872,0.00850821096945627
NaiveBayes,0.5533277310924369,0.010109684152238016
KNN,0.5730672268907563,0.012250585874606985
DecisionTree,0.5478571428571428,0.016551110596552166
