,mean,std
RandomForest,0.28300000000000003,0.019131126469708992
SVM,0.2765,0.01265898890117216
NaiveBayes,0.28200000000000003,0.018330302779823372
KNN,0.27499999999999997,0.021679483388678786
DecisionTree,0.27999999999999997,0.018439088914585774
