,mean,std
RandomForest,0.9347524752475248,0.00521002856115753
SVM,0.9397029702970296,0.0029520894090842285
NaiveBayes,0.910891089108911,0.003283786921143943
KNN,0.920990099009901,0.003591753890538003
DecisionTree,0.9007920792079208,0.00865190189107069
