,mean,std
RandomForest,0.8912100039234346,0.0011528176497813437
SVM,0.8815792575526116,0.0012662140091628737
NaiveBayes,0.7973872262986986,0.0034260421042860163
KNN,0.8653521658193718,0.002342321030860747
DecisionTree,0.8829492374345748,0.002291189776614145
