,mean,std
RandomForest,0.9893750000000001,0.010843344733060926
SVM,0.9818749999999999,0.008125000000000018
NaiveBayes,0.8918750000000001,0.012515615246562991
KNN,0.9506249999999998,0.011336473217010659
DecisionTree,0.98375,0.009354143466934868
