,mean,std
RandomForest,0.9010035726452423,0.003842577622261469
SVM,0.843185157362357,0.006466603555626591
NaiveBayes,0.7169303203151615,0.002581394336480053
KNN,0.8003334177723815,0.006228757844189254
DecisionTree,0.8683536132633363,0.005620032265961692
