,mean,std
RandomForest,0.9249640493747131,0.0014773884214238807
SVM,0.9227791102827974,0.0017179655428872552
NaiveBayes,0.7868439888717823,0.002406672662268359
KNN,0.9199203468114417,0.002002446396876204
DecisionTree,0.8810318180590443,0.003735525481509253
