,mean,std
RandomForest,1.0,0.0
SVM,1.0,0.0
NaiveBayes,1.0,0.0
KNN,1.0,0.0
DecisionTree,0.9995581696175924,0.0005696829527461358
