,mean,std
RandomForest,0.3060377358490566,0.01685065174472914
SVM,0.2581132075471698,0.01338958113147937
NaiveBayes,0.2539622641509434,0.007924528301886792
KNN,0.22490566037735849,0.012016364775917476
DecisionTree,0.27094339622641506,0.012913161231900875
