,mean,std
RandomForest,0.9376687045026737,0.00318939024574648
SVM,0.925592943645783,0.0020632473062499094
NaiveBayes,0.799250553880495,0.004410377751535587
KNN,0.884922290150089,0.005565756748966976
DecisionTree,0.9426348053505688,0.003620081787570148
