Classifier,Mean Accuracy,Std Accuracy
RandomForest,0.5802240896358544,0.06358076958173914
SVM,0.5542296918767506,0.0404626090635558
NaiveBayes,0.4646778711484593,0.04107634695369885
KNN,0.5142016806722689,0.04368163901659422
DecisionTree,0.4999159663865546,0.05214175677168293
end2end,0.6226610644257703,0.039851232584343935
