Classifier,Mean Accuracy,Std Accuracy
RandomForest,0.23500000000000001,0.06819090848492929
SVM,0.25,0.0689202437604511
NaiveBayes,0.23500000000000001,0.025495097567963927
KNN,0.25000000000000006,0.0447213595499958
DecisionTree,0.21000000000000002,0.05612486080160911
end2end,0.305,0.08124038404635961
