Classifier,Mean Accuracy,Std Accuracy
RandomForest,0.925,0.010206207261596593
SVM,0.9458333333333332,0.02124591463996994
NaiveBayes,0.8208333333333334,0.038640077064565424
KNN,0.9083333333333332,0.044876373392787536
DecisionTree,0.8625,0.028259708263021956
end2end,0.95,0.028259708263021936
