Classifier,Mean Accuracy,Std Accuracy
RandomForest,0.9168123968169392,0.018203148497703527
SVM,0.9138861470462347,0.01365369664698409
NaiveBayes,0.728694717900787,0.03316044288132163
KNN,0.8791825717804702,0.017498801765071847
DecisionTree,0.8662101134686104,0.015957932136352153
end2end,0.9389671648570503,0.013796347454254624
