Classifier,Mean Accuracy,Std Accuracy
RandomForest,0.99375,0.012499999999999999
SVM,0.99375,0.012499999999999999
NaiveBayes,0.90625,0.03423265984407288
KNN,0.98125,0.015309310892394862
DecisionTree,0.9125,0.041457809879442496
end2end,0.7875,0.09960860906568267
