Classifier,Mean Accuracy,Std Accuracy
RandomForest,0.9277906415018908,0.009817541252246945
SVM,0.9069913877829787,0.013596419804062313
NaiveBayes,0.857307058020023,0.01778473418454985
KNN,0.88849927537439,0.010319828835098877
DecisionTree,0.9150788759141111,0.01939227676969074
end2end,0.942221518881911,0.012154804353541708
