Classifier,Mean Accuracy,Std Accuracy
RandomForest,0.9316831683168317,0.005773219697866605
SVM,0.9277227722772278,0.009700949476369
NaiveBayes,0.8683168316831683,0.013135147684575852
KNN,0.9158415841584159,0.016567525277902503
DecisionTree,0.905940594059406,0.01852305637016804
end2end,0.9702970297029703,0.008855714762375413
