Classifier,Mean Accuracy,Std Accuracy
RandomForest,0.9479285849336898,0.007458011778570327
SVM,0.952114361342949,0.006127660208057564
NaiveBayes,0.7659171325932528,0.017388991470431082
KNN,0.9404929368230558,0.004117773251853833
DecisionTree,0.8893531048267294,0.0046284990960484195
end2end,0.9704794317046161,0.002497405471593682
