Classifier,Mean Accuracy,Std Accuracy
RandomForest,0.34528301886792456,0.04795571708354277
SVM,0.3,0.03448239034433408
NaiveBayes,0.26037735849056604,0.015328374348369733
KNN,0.2622641509433962,0.026279977881479465
DecisionTree,0.25660377358490566,0.02760139403458074
end2end,0.32264150943396225,0.02014543066421002
