Classifier,Mean Accuracy,Std Accuracy
RandomForest,0.7059599475762356,0.012693834842821067
SVM,0.6957264614793852,0.01343064140042594
NaiveBayes,0.5963051263429416,0.01821346496125298
KNN,0.6816556893975441,0.0163744223206494
DecisionTree,0.6895129097693522,0.011464159090665643
end2end,0.925073752222584,0.010218606387242939
