,mean,std
RandomForest,0.5815378151260504,0.009042773893240184
SVM,0.43792156862745096,0.004356652791073177
NaiveBayes,0.5396106442577031,0.006251288186495312
KNN,0.519313725490196,0.011167419444609385
DecisionTree,0.4409971988795518,0.018144702622798152
