,mean,std
RandomForest,0.28850000000000003,0.02958462438497403
SVM,0.25549999999999995,0.016039014932345438
NaiveBayes,0.27349999999999997,0.0189802528961023
KNN,0.257,0.014866068747318505
DecisionTree,0.2795,0.034960692212826674
