,mean,std
RandomForest,0.865,0.008779711460710622
SVM,0.9266666666666665,0.005651941652604413
NaiveBayes,0.8620833333333333,0.009583333333333327
KNN,0.8762500000000001,0.015595806060177372
DecisionTree,0.5900000000000001,0.03085584763595599
