,mean,std
RandomForest,0.8880035988504643,0.00492818411525314
SVM,0.8464927804613864,0.0031665901156018483
NaiveBayes,0.7259635223312164,0.006645853099930645
KNN,0.8471155038827403,0.0036397360786462616
DecisionTree,0.7831129183008534,0.009283514223870306
