,mean,std
RandomForest,0.9999319727891157,0.0001360544217686943
SVM,0.9998980169317303,0.00015578178134036737
NaiveBayes,0.9998980169317303,0.00015578178134036737
KNN,0.9996600371897484,0.0002633192407657531
DecisionTree,0.959719748680457,0.006194648365358016
