,mean,std
RandomForest,0.91875,0.007395099728874541
SVM,0.95875,0.01403121520040227
NaiveBayes,0.9087499999999998,0.018791620472966133
KNN,0.9506250000000002,0.012945196985754989
DecisionTree,0.83375,0.04491311055805419
