,mean,std
RandomForest,0.833621295663907,0.00383126875657491
SVM,0.8027120987489796,0.005884778380757223
NaiveBayes,0.7145553130882378,0.012610926581972914
KNN,0.8411339141443588,0.005870470914922126
DecisionTree,0.7283621795405707,0.010358794982253354
