,mean,std
RandomForest,0.9567326732673267,0.0029387766494367636
SVM,0.98009900990099,0.001287128712871243
NaiveBayes,0.9267326732673267,0.004830222145604105
KNN,0.9561386138613862,0.0031010811412605197
DecisionTree,0.7855445544554456,0.017695925237820896
