,mean,std
RandomForest,0.9028822353672041,0.002957875372333077
SVM,0.9245227561245711,0.0021228123947558473
NaiveBayes,0.7718733760095076,0.0061576285885063
KNN,0.9367031574966912,0.0015316704839444023
DecisionTree,0.7828910947249007,0.006868580196980635
