,mean,std
RandomForest,0.27962264150943394,0.012452830188679253
SVM,0.31886792452830187,0.012458546429599383
NaiveBayes,0.2852830188679245,0.0168717652121571
KNN,0.2986792452830189,0.011003413820244033
DecisionTree,0.199811320754717,0.015104949101604105
