,mean,std
RandomForest,0.8904601103570325,0.0028234367524949773
SVM,0.9088995684221949,0.0012176848675853305
NaiveBayes,0.8292204385899009,0.008404359118722308
KNN,0.8909903583681851,0.0020561966444029166
DecisionTree,0.7776502132845826,0.006568654462049364
