,mean,std
RandomForest,0.4606890756302521,0.006764276131589994
SVM,0.47885154061624646,0.0
NaiveBayes,0.4974509803921568,0.0
KNN,0.4952100840336134,5.551115123125783e-17
DecisionTree,0.4718095238095238,0.0018298500225832738
