,mean,std
RandomForest,0.24349999999999997,0.01184271928232701
SVM,0.22999999999999998,0.0
NaiveBayes,0.22999999999999998,0.0
KNN,0.15999999999999998,0.0
DecisionTree,0.225,0.0
