,mean,std
RandomForest,0.8625,0.005892556509887923
SVM,0.8625,0.0
NaiveBayes,0.8625,0.0
KNN,0.8333333333333334,0.0
DecisionTree,0.8300000000000001,0.012610621625351317
