,mean,std
RandomForest,0.915625,0.012263385543967865
SVM,0.88125,0.0
NaiveBayes,0.79375,0.0
KNN,0.825,0.0
DecisionTree,0.93125,0.004841229182759254
