,mean,std
RandomForest,0.8396311905515483,0.0023993884744907853
SVM,0.8370891705951925,0.0
NaiveBayes,0.7943245989572054,0.0
KNN,0.7556112675117854,1.1102230246251565e-16
DecisionTree,0.8434425546800821,0.0
