,mean,std
RandomForest,0.734059405940594,0.0017821782178217703
SVM,0.7405940594059406,0.0
NaiveBayes,0.7326732673267327,1.1102230246251565e-16
KNN,0.6603960396039604,0.0
DecisionTree,0.7320792079207921,0.001267945393551095
