,mean,std
RandomForest,0.8850250654998245,0.0017767215194579124
SVM,0.8730807876185074,0.0
NaiveBayes,0.7835912810955354,1.1102230246251565e-16
KNN,0.8493698511735948,0.0
DecisionTree,0.8512726683413014,0.0016525039287739456
