,mean,std
RandomForest,0.27452830188679245,0.011297145192394492
SVM,0.2584905660377358,0.0
NaiveBayes,0.2358490566037736,0.0
KNN,0.22641509433962265,0.0
DecisionTree,0.22018867924528301,0.007502224661158885
