,mean,std
RandomForest,0.7042110473900811,0.0010538041927156973
SVM,0.7041381382885479,1.1102230246251565e-16
NaiveBayes,0.6981048976150526,0.0
KNN,0.5974066932124582,0.0
DecisionTree,0.6933184910637517,0.0006828141595763102
