,mean,std
RandomForest,0.5523669467787113,0.01488085450618661
SVM,0.5740588235294117,0.011510529231437824
NaiveBayes,0.5356918767507002,0.0082193847737846
KNN,0.5596470588235295,0.016782022933281286
DecisionTree,0.540563025210084,0.010792542606081609
