,mean,std
RandomForest,0.29100000000000004,0.015132745950421562
SVM,0.28500000000000003,0.026832815729997482
NaiveBayes,0.28300000000000003,0.016763054614240207
KNN,0.29300000000000004,0.018867962264113206
DecisionTree,0.3035,0.021100947846009188
