,mean,std
RandomForest,0.91375,0.009138213416442177
SVM,0.9170833333333333,0.00882900837517376
NaiveBayes,0.9070833333333332,0.006984606089266761
KNN,0.9020833333333333,0.00678284191504151
DecisionTree,0.8795833333333334,0.01712393549002873
