,mean,std
RandomForest,0.9004613866056375,0.0038757486425422837
SVM,0.8198193586708712,0.003743935011644883
NaiveBayes,0.5830315947624498,0.0020382437783965706
KNN,0.8101153029760397,0.005473219985547786
DecisionTree,0.8555624077357816,0.004553675920208894
