,mean,std
RandomForest,0.9843750000000002,0.008500919067959663
SVM,0.9581250000000001,0.004001952648395538
NaiveBayes,0.786875,0.004374999999999985
KNN,0.959375,0.00978279740156158
DecisionTree,0.975625,0.012326926827072529
