,mean,std
RandomForest,0.9004632606486649,0.003011094029230909
SVM,0.8982675617597573,0.0045698433424819695
NaiveBayes,0.852164714897303,0.0009827941998979484
KNN,0.8426914427545767,0.0033215544622336307
DecisionTree,0.8965915943429229,0.004947448837738829
