,mean,std
RandomForest,0.947029702970297,0.002628894662841919
SVM,0.9534653465346533,0.003035586082525922
NaiveBayes,0.864950495049505,0.002132738537479036
KNN,0.8931683168316834,0.006062284956372939
DecisionTree,0.9052475247524754,0.007370088472850109
