,mean,std
RandomForest,0.9412141641682197,0.0027913969323526983
SVM,0.9357979904383761,0.0028385241228928875
NaiveBayes,0.8294755692407421,0.0013164179699116294
KNN,0.9190850012154606,0.0023329275981211783
DecisionTree,0.8904468033384653,0.006021349082024461
