,mean,std
RandomForest,0.299433962264151,0.010092135185144412
SVM,0.2588679245283019,0.010430396197045475
NaiveBayes,0.2583018867924528,0.015728426827447108
KNN,0.2320754716981132,0.01827366039668415
DecisionTree,0.27999999999999997,0.010511991152591785
