,mean,std
RandomForest,0.9134313691117179,0.0010745348855047796
SVM,0.8975878056313806,0.0011520078989468705
NaiveBayes,0.7279238519779954,0.0059511282844498335
KNN,0.8629207549689882,0.0032500348508369132
DecisionTree,0.9015354486489194,0.0019462773069777832
