,mean,std
RandomForest,0.8688040462966777,0.005283786076215025
SVM,0.8418703206508441,0.0030864796975735936
NaiveBayes,0.8309981559734609,3.461672460492981e-05
KNN,0.8441302967928339,0.004213146227620051
DecisionTree,0.865612414183415,0.004801420493754325
