,mean,std
RandomForest,0.9286663563371264,0.0032785000225846878
SVM,0.8323279148810403,0.002582681222734657
NaiveBayes,0.8693400177331165,0.0026767984283039966
KNN,0.7619670262548642,0.01055816614542773
DecisionTree,0.8864141323087533,0.006919452242253779
