,mean,std
RandomForest,0.9209188709419467,0.002219808368705598
SVM,0.8656711927290826,0.0012171930810747392
NaiveBayes,0.8898285768611306,0.0013388625791733338
KNN,0.8289065644425466,0.0019567152061537928
DecisionTree,0.8868397300994362,0.004790157874137519
