,mean,std
RandomForest,0.5837290231079759,0.012551395827032031
SVM,0.3995540079449807,0.004021305524827019
NaiveBayes,0.5473191353127521,0.011713340087479951
KNN,0.46304774731301235,0.01566959424476031
DecisionTree,0.5012065386547551,0.013808601459898755
