,mean,std
RandomForest,0.8064786296415999,0.005924778182799109
SVM,0.7150507071042357,0.006487367992311573
NaiveBayes,0.5697341043491934,0.0013468268899725906
KNN,0.7025522139044906,0.012085865149300622
DecisionTree,0.7928935805941597,0.00914192760482077
