,mean,std
RandomForest,0.9382258064516128,0.023370440397888517
SVM,0.8035887096774195,0.012626763587272313
NaiveBayes,0.8476612903225806,0.019444140422610456
KNN,0.6605645161290323,0.022964798255089954
DecisionTree,0.9564314516129032,0.01659249696052452
