,mean,std
RandomForest,0.8941666666666668,0.0074999999999999884
SVM,0.90625,0.006782841915041547
NaiveBayes,0.8908333333333334,0.007861650943380523
KNN,0.6629166666666667,0.014487782208928091
DecisionTree,0.8016666666666667,0.024452334585202008
