,mean,std
RandomForest,0.9547653890824623,0.0019479943185037592
SVM,0.9163875158685142,0.0019610508606316295
NaiveBayes,0.8381683818167087,0.0017620556375820384
KNN,0.8935844475056045,0.0024665802979380183
DecisionTree,0.9358902033870837,0.0015856322190815181
