,mean,std
RandomForest,0.3013816661495667,0.02478748546369263
SVM,0.27399876013010377,0.021460442438696044
NaiveBayes,0.2809962375671808,0.027389312072690252
KNN,0.2521933584474202,0.026169239341467233
DecisionTree,0.26993803320341636,0.03136843731220911
