,mean,std
RandomForest,0.30490566037735845,0.011420940339940781
SVM,0.24113207547169813,0.016049939862744705
NaiveBayes,0.25018867924528304,0.00921249480432732
KNN,0.24150943396226415,0.009048738723231548
DecisionTree,0.23849056603773583,0.013506060504281719
