,mean,std
RandomForest,0.5219020172910663,0.026142315783692457
SVM,0.5187319884726225,0.02694177727382188
NaiveBayes,0.5132564841498559,0.02954277053499842
KNN,0.5109510086455332,0.021413092781855807
DecisionTree,0.5305475504322767,0.023814917511387985
