,mean,std
RandomForest,0.5125000000000001,0.05286907308520633
SVM,0.4458333333333333,0.06666666666666667
NaiveBayes,0.3729166666666667,0.09567468752670863
KNN,0.4791666666666667,0.06180165405913051
DecisionTree,0.5291666666666666,0.09138213416442212
