,mean,std
RandomForest,0.34705882352941175,0.05294117647058824
SVM,0.3611764705882353,0.062264087634819956
NaiveBayes,0.24588235294117644,0.07952279819351146
KNN,0.3388235294117647,0.07305493974710599
DecisionTree,0.32588235294117646,0.06921207567097754
