,mean,std
RandomForest,0.609375,0.052756071925419167
SVM,0.63125,0.03644344934278313
NaiveBayes,0.25625,0.06218671481916375
KNN,0.6,0.0637377439199098
DecisionTree,0.565625,0.08888414158329933
