,mean,std
RandomForest,0.25094339622641504,0.03917082923023904
SVM,0.22264150943396227,0.02607599049261368
NaiveBayes,0.180188679245283,0.0274883061968556
KNN,0.20849056603773586,0.02547169811320755
DecisionTree,0.2160377358490566,0.03760590835470708
