,mean,std
RandomForest,0.6587688734030198,0.015623852934541459
SVM,0.6552845528455284,0.016324743164519467
NaiveBayes,0.6239256678281069,0.020494072009396323
KNN,0.527177700348432,0.016205732692520382
DecisionTree,0.6586527293844366,0.01583524774088238
