,mean,std
RandomForest,0.4944292237442922,0.007932073333555612
SVM,0.49305936073059364,0.008639192176279271
NaiveBayes,0.20146118721461187,0.03071590087536667
KNN,0.4480365296803653,0.03371879462534225
DecisionTree,0.45242009132420086,0.009743911355871509
