,mean,std
RandomForest,0.8895615866388308,0.014295672915047998
SVM,0.8515657620041754,0.01593901628110765
NaiveBayes,0.6697286012526097,0.02105974148295365
KNN,0.7793319415448852,0.01323827879957218
DecisionTree,0.835490605427975,0.015838894979866916
