,mean,std
RandomForest,0.2375,0.05618051263561059
SVM,0.19,0.03905124837953328
NaiveBayes,0.175,0.04330127018922194
KNN,0.185,0.0792148975887743
DecisionTree,0.20249999999999999,0.03944933459514875
