,mean,std
RandomForest,1.0,0.0
SVM,1.0,0.0
NaiveBayes,0.7517826825127334,0.24853020165440518
KNN,1.0,0.0
DecisionTree,0.9998302207130731,0.0005093378607809895
