,mean,std
RandomForest,0.506930693069307,0.051930669473043006
SVM,0.5103960396039604,0.050797482969644946
NaiveBayes,0.500990099009901,0.05018346890088789
KNN,0.5079207920792079,0.052447218368907055
DecisionTree,0.5103960396039604,0.05356838256496466
