,mean,std
RandomForest,0.4806442577030812,0.006856453984914053
SVM,0.45118207282913164,0.006717093843371892
NaiveBayes,0.4485686274509805,0.012428830262789374
KNN,0.38399439775910366,0.025505828924379737
DecisionTree,0.4450364145658264,0.012367540297465757
