,mean,std
RandomForest,0.10400000000000001,0.013928388277184123
SVM,0.07,0.013784048752090224
NaiveBayes,0.11200000000000002,0.01053565375285274
KNN,0.14500000000000002,0.0038729833462074134
DecisionTree,0.0875,0.013086252328302404
