,mean,std
RandomForest,0.9195833333333333,0.01149426185344477
SVM,0.9304166666666667,0.009326262202333093
NaiveBayes,0.8904166666666666,0.007228896488707238
KNN,0.8829166666666666,0.012562344526401082
DecisionTree,0.8487499999999999,0.021168142993134246
