,mean,std
RandomForest,0.8889678636629659,0.004518399425613173
SVM,0.8027206261301002,0.004227909450688181
NaiveBayes,0.67888837449009,0.002510782333957129
KNN,0.7674386142678699,0.0057168329087146095
DecisionTree,0.8542218359378413,0.004458181312470979
