,mean,std
RandomForest,0.968125,0.012326926827072496
SVM,0.9375,0.03546565239777776
NaiveBayes,0.899375,0.04352172589638422
KNN,0.9018749999999999,0.0316289523222
DecisionTree,0.9556250000000001,0.013820840242184987
