,mean,std
RandomForest,0.6084328097149806,0.006207039806154824
SVM,0.6110336326231447,0.005246522108580407
NaiveBayes,0.6061829721310656,0.0013185632757011499
KNN,0.5906383368592893,0.0023336563303519423
DecisionTree,0.6067583415235461,0.004955739615652874
