,mean,std
RandomForest,0.8692079207920793,0.0028161312184807516
SVM,0.8682178217821782,0.004525304903772826
NaiveBayes,0.8469306930693069,0.0025513066785594453
KNN,0.853861386138614,0.0031372236668821426
DecisionTree,0.8425742574257427,0.002300782185865813
