,mean,std
RandomForest,0.8624821597385409,0.002897521846456518
SVM,0.8307308699997298,0.00220695945710098
NaiveBayes,0.7186893012451719,0.005821660813372735
KNN,0.8187347864840776,0.0034618132313185054
DecisionTree,0.8427933716878698,0.004363842991028706
