,mean,std
RandomForest,0.33547169811320754,0.013885561881489905
SVM,0.28962264150943395,0.009405617796690179
NaiveBayes,0.24037735849056605,0.008058172265684005
KNN,0.24830188679245285,0.013844480247429536
DecisionTree,0.25924528301886796,0.015767986728887677
