,mean,std
RandomForest,0.6115857020026212,0.0019941273137615324
SVM,0.6091731069428097,0.0014634615830607935
NaiveBayes,0.4426762999507484,0.005611486924385999
KNN,0.446529980883691,0.001020543581788391
DecisionTree,0.6023019375088694,0.0012008648593054695
