Algorithm,Mean Accuracy,Standard Deviation
HAR,0.5989647999999999,0.0669528135564732
MATCH,0.575362322,0.06439689129587106
