Algorithm,Mean Accuracy,Standard Deviation
CBA,0.6035196687370601,0.0764042482178687
MATCH,0.6059006211180126,0.08689000956225644
