Algorithm,Mean Accuracy,Standard Deviation
CBA,0.15,0.08062257748298549
MATCH,0.17,0.08426149773176358
