Algorithm,Mean Accuracy,Standard Deviation
HAR,0.215,0.10012492197250394
MATCH,0.21,0.09949874371066199
