Algorithm,Mean Accuracy,Standard Deviation
HAR,0.7666666639999999,0.09718253318141022
MATCH,0.8291666719999999,0.06305311376574592
