Algorithm,Mean Accuracy,Standard Deviation
CBA,0.7124999999999999,0.09762812094883318
MATCH,0.7875000000000001,0.07557648811340441
