Algorithm,Mean Accuracy,Standard Deviation
CBA,0.685183770551572,0.027989088489038246
MATCH,0.7173700932307853,0.025533330651943145
