Algorithm,Mean Accuracy,Standard Deviation
HAR,0.7073490910000001,0.03024569986343726
MATCH,0.7269935380000001,0.0284929024977105
