Algorithm,Mean Accuracy,Standard Deviation
HAR,0.975,0.0414578098794425
MATCH,0.975,0.0414578098794425
