Algorithm,Mean Accuracy,Standard Deviation
CBA,0.96875,0.04192627457812106
MATCH,0.96875,0.04192627457812106
