Algorithm,Mean Accuracy,Standard Deviation
CBA,0.8602285562421105,0.0245106116852522
MATCH,0.8503886784931235,0.02308616976586226
