Algorithm,Mean Accuracy,Standard Deviation
HAR,0.8463623749999997,0.02227863558522213
MATCH,0.8579230699999999,0.03447534056161885
