Algorithm,Mean Accuracy,Standard Deviation
CBA,0.9455445544554457,0.023114094118670804
MATCH,0.9495049504950493,0.017958769452690152
