Algorithm,Mean Accuracy,Standard Deviation
HAR,0.9603960239999998,0.023430012792603937
MATCH,0.9445544430000001,0.01782177988892582
