Algorithm,Mean Accuracy,Standard Deviation
CBA,0.7900872093023256,0.012110934019436654
MATCH,0.8193819982773469,0.013046922389198322
