Algorithm,Mean Accuracy,Standard Deviation
HAR,0.8182192039999999,0.008964295874170138
MATCH,0.82217377,0.01189574208612983
