Algorithm,Mean Accuracy,Standard Deviation
HAR,0.27169811000000005,0.05416113343738812
MATCH,0.283018863,0.0596656139265001
