Algorithm,Mean Accuracy,Standard Deviation
CBA,0.24716981132075472,0.05232235707117753
MATCH,0.23018867924528297,0.06303129467354741
