Algorithm,Mean Accuracy,Standard Deviation
HAR,0.8614772340000002,0.016156164041009374
MATCH,0.8457611139999999,0.01768200120851045
