Algorithm,Mean Accuracy,Standard Deviation
CBA,0.8537956663769593,0.015493627241629147
MATCH,0.8501426892172239,0.014076496559995296
