,mean,std
RandomForest,0.8927257031467558,0.003493276175510836
SVM,0.8922043998886104,0.002661351112312606
NaiveBayes,0.8226527429685324,0.003745675045553888
KNN,0.1196157059314954,0.003929875235760473
DecisionTree,0.8418412698412698,0.006801204977028824
