,mean,std
RandomForest,0.5830308123249301,0.01249791891596789
SVM,0.43069187675070025,0.0077522955499220525
NaiveBayes,0.38306162464985993,0.0011394088969229241
KNN,0.4117731092436975,0.015189704481043648
DecisionTree,0.5125294117647059,0.013676084693668437
