,mean,std
RandomForest,0.28650000000000003,0.02674415824063266
SVM,0.265,0.016733200530681516
NaiveBayes,0.28500000000000003,0.017029386365926394
KNN,0.23950000000000005,0.014739402972983684
DecisionTree,0.281,0.01841195263952196
