,mean,std
RandomForest,0.9320833333333333,0.012506942516503033
SVM,0.9270833333333334,0.00596575877636518
NaiveBayes,0.9045833333333333,0.007083333333333336
KNN,0.71875,0.011967838846954267
DecisionTree,0.8333333333333334,0.016244657241348267
