,mean,std
RandomForest,0.9443414522659005,0.003344371035191833
SVM,0.8818172913673763,0.005677143659888849
NaiveBayes,0.3066243306778112,0.00205563881489254
KNN,0.8848857254799529,0.005268762868512806
DecisionTree,0.9046849288232991,0.004153834954884983
