,mean,std
RandomForest,1.0,0.0
SVM,0.9996600949378053,2.8290654550113354e-07
NaiveBayes,1.0,0.0
KNN,1.0,0.0
DecisionTree,0.9999659863945578,0.00010204081632652074
