,mean,std
RandomForest,0.6433789954337901,0.0049126563450570876
SVM,0.3067579908675799,0.00018264840182648513
NaiveBayes,0.29792237442922376,0.001197052669307596
KNN,0.511255707762557,0.0035634727771020813
DecisionTree,0.5371461187214612,0.006631270579972306
