,mean,std
RandomForest,0.9081250000000001,0.010476909133900134
SVM,0.8787499999999999,0.015612494995995992
NaiveBayes,0.7750000000000001,0.005590169943749454
KNN,0.610625,0.03644880827955832
DecisionTree,0.98375,0.01316956719106595
