,mean,std
RandomForest,0.9573444615509278,0.0023466507486582084
SVM,0.9326585095751291,0.0021406452574040413
NaiveBayes,0.8609251276233693,0.0012858690054954281
KNN,0.8940488345082785,0.0022131193998719003
DecisionTree,0.8990924290306028,0.004399294386810019
