,mean,std
RandomForest,0.34150943396226413,0.013017500611819138
SVM,0.3158490566037736,0.01664660000008512
NaiveBayes,0.25,0.013742534139343511
KNN,0.22754716981132073,0.01160645773526769
DecisionTree,0.2571698113207547,0.018906564208425583
