,mean,std
RandomForest,0.9440594059405939,0.011080707567128376
SVM,0.9648514851485149,0.01072099397411274
NaiveBayes,0.9321782178217821,0.021125334943912714
KNN,0.9396039603960397,0.010571364605971561
DecisionTree,0.9123762376237625,0.0213560936733891
end2end,0.9559405940594059,0.013548447706340592
