,mean,std
RandomForest,0.6070588235294118,0.04884832821653339
SVM,0.6305882352941177,0.04439520532732519
NaiveBayes,0.5929411764705883,0.044705882352941186
KNN,0.5823529411764705,0.04409803485645015
DecisionTree,0.5588235294117647,0.04624292707537306
end2end,0.6352941176470587,0.04586726750498336
