,mean,std
RandomForest,0.9385148514851485,0.004393407471749282
SVM,0.9562376237623761,0.004172536139743645
NaiveBayes,0.9233663366336634,0.0059767874347668795
KNN,0.933960396039604,0.0053876308358070165
DecisionTree,0.905742574257426,0.006784887801588817
end2end,0.9586138613861385,0.0043788800767318925
