,mean,std
RandomForest,0.8899999999999999,0.010736748938937581
SVM,0.8958333333333334,0.011180339887498896
NaiveBayes,0.8429166666666668,0.011031835245728054
KNN,0.8516666666666666,0.011666666666666718
DecisionTree,0.8258333333333333,0.017460272366464132
end2end,0.91625,0.00882900837517381
