,mean,std
RandomForest,0.9045929018789144,0.013849693770874314
SVM,0.8582463465553236,0.014980487015373904
NaiveBayes,0.7210855949895615,0.012602411918819667
KNN,0.8196242171189979,0.014738507385989799
DecisionTree,0.8762004175365344,0.011774604302466435
end2end,0.7507306889352818,0.006481910102822565
