,mean,std
RandomForest,0.9429394812680115,0.013067186223348293
SVM,0.9414985590778098,0.014865960088217799
NaiveBayes,0.9109510086455332,0.012257158684805036
KNN,0.9195965417867434,0.012722616746192576
DecisionTree,0.9276657060518732,0.012120888094993128
end2end,0.9360230547550431,0.01945191588551724
