,mean,std
RandomForest,0.99375,0.006846531968814583
SVM,0.9643750000000001,0.009291292967074068
NaiveBayes,0.9231250000000001,0.0074214638043987235
KNN,0.95875,0.013462912017836254
DecisionTree,0.9818749999999999,0.015674920254980573
end2end,0.9393750000000001,0.014537129187016254
