,mean,std
RandomForest,0.9005447192110481,0.0039025845629626628
SVM,0.8582397952498667,0.003927257697276416
NaiveBayes,0.7150521047160665,0.003952420458326319
KNN,0.8090762659305911,0.004303129718234854
DecisionTree,0.8626689144923612,0.006289499174579787
end2end,0.7491227365239648,0.006223535195064399
