,mean,std
RandomForest,0.9254355400696863,0.010793273082916553
SVM,0.9164924506387921,0.01255698940638458
NaiveBayes,0.7508710801393728,0.011215567895370471
KNN,0.9114982578397213,0.009461283091482593
DecisionTree,0.875609756097561,0.012449100222165888
end2end,0.8256678281068524,0.020366309850705838
