,mean,std
RandomForest,1.0,0.0
SVM,0.990625,0.014320549046736998
NaiveBayes,0.925,0.0375
KNN,0.971875,0.021875000000000002
DecisionTree,0.990625,0.020009763241977653
end2end,0.9375,0.04419417382415922
