,mean,std
RandomForest,0.8911923568155068,0.0020986889140609862
SVM,0.8911920229061799,0.0022263083407243877
NaiveBayes,0.8377915237117362,0.004190176016622091
KNN,0.8533985959112801,0.006976809819992491
DecisionTree,0.875219770771247,0.0020234861619332447
end2end,0.9205043867337824,0.0025184298270446437
