,mean,std
RandomForest,0.33679245283018866,0.039136733042814224
SVM,0.3245283018867925,0.032734625609240516
NaiveBayes,0.2820754716981132,0.03615805263535245
KNN,0.26603773584905654,0.04298409716941326
DecisionTree,0.25566037735849056,0.04270366150096706
end2end,0.29999999999999993,0.029773082713319805
