,mean,std
RandomForest,0.33358490566037735,0.01290212905455001
SVM,0.29339622641509433,0.011422498768049297
NaiveBayes,0.2820754716981132,0.012379716756471136
KNN,0.24283018867924527,0.007917786889946144
DecisionTree,0.2720754716981132,0.01682951178941718
end2end,0.30981132075471696,0.009650348567958052
