,mean,std
RandomForest,0.27799999999999997,0.02002498439450079
SVM,0.273,0.01568438714135813
NaiveBayes,0.29500000000000004,0.00894427190999915
KNN,0.25050000000000006,0.024642443060703217
DecisionTree,0.264,0.01827566688249708
end2end,0.29850000000000004,0.023774986855937475
