,mean,std
RandomForest,1.0,0.0
SVM,1.0,0.0
NaiveBayes,0.7428571428571429,0.16659862556700858
KNN,0.9285714285714286,0.095831484749991
DecisionTree,1.0,0.0
end2end,1.0,0.0
