,mean,std
RandomForest,0.9229670745212435,0.002821985584835907
SVM,0.9120176376846822,0.001634014811437497
NaiveBayes,0.7476067849715042,0.00274729654629547
KNN,0.9088574939902223,0.003146827119552446
DecisionTree,0.87580228506604,0.0029387198890411513
end2end,0.8184792966534318,0.0068526686038809185
