,mean,std
RandomForest,0.944542652962636,0.004095212212812376
SVM,0.9429273208842097,0.0030858543414523905
NaiveBayes,0.9098227582415752,0.003953949770732066
KNN,0.9240360813579651,0.004954767859021058
DecisionTree,0.9317127817294398,0.004144673444073596
end2end,0.9360503739734469,0.004020521406973618
