,mean,std
RandomForest,0.2575,0.04879805323985784
SVM,0.26749999999999996,0.037165171868296265
NaiveBayes,0.2825000000000001,0.04479118216792229
KNN,0.265,0.0653834841531101
DecisionTree,0.27,0.026925824035672515
end2end,0.27499999999999997,0.05244044240850758
