,mean,std
RandomForest,0.8729166666666668,0.04881406047441658
SVM,0.8958333333333333,0.04841229182759271
NaiveBayes,0.80625,0.05436661812791619
KNN,0.85,0.05416666666666666
DecisionTree,0.8395833333333332,0.0484570972900542
end2end,0.9125,0.04249182927993988
