,mean,std
RandomForest,0.6122016806722689,0.01618916377843003
SVM,0.6393697478991597,0.01093681866283474
NaiveBayes,0.5877619047619047,0.010410626712059508
KNN,0.5928935574229692,0.01590707964085588
DecisionTree,0.5474649859943977,0.015870839225725176
end2end,0.6318403361344538,0.0039726179113255735
