,mean,std
RandomForest,0.6014313725490196,0.007265227934771874
SVM,0.6023781512605042,0.008015370310196617
NaiveBayes,0.5280812324929972,0.008333917075804942
KNN,0.5752492997198879,0.012239442509923834
DecisionTree,0.5584901960784314,0.01328362937508914
