,mean,std
RandomForest,0.9048073479442005,0.005070207213945599
SVM,0.85898847843747,0.005615493692723573
NaiveBayes,0.712081131366777,0.0015240906951150559
KNN,0.810621937264699,0.006014049924729571
DecisionTree,0.8692271206575765,0.005839599427166001
