,mean,std
RandomForest,0.8970833333333333,0.009868932735272506
SVM,0.8970833333333335,0.008133008873309656
NaiveBayes,0.7995833333333334,0.02120092372201428
KNN,0.8370833333333334,0.014367449707972216
DecisionTree,0.8262499999999999,0.014197270864500686
