,mean,std
RandomForest,0.99,0.00695970545353754
SVM,0.9493750000000001,0.008592329428042205
NaiveBayes,0.881875,0.011336473217010654
KNN,0.931875,0.004374999999999985
DecisionTree,0.9893750000000001,0.00840851502942108
