,mean,std
RandomForest,0.8849050946215555,0.0016668951402604812
SVM,0.8542407987111101,0.0014997336083010778
NaiveBayes,0.7126093177397677,0.0033451979999920872
KNN,0.8571251909543964,0.0071504865039698304
DecisionTree,0.8759498969054953,0.0017247930623838113
