,mean,std
RandomForest,0.9163366336633665,0.0036580105350319486
SVM,0.8844554455445545,0.004059405940594094
NaiveBayes,0.7494059405940594,0.00975586712890851
KNN,0.8967326732673268,0.004131217038618839
DecisionTree,0.8988118811881188,0.004077477283559219
