,mean,std
RandomForest,0.3062264150943396,0.010741468171690794
SVM,0.25113207547169814,0.01457722710318393
NaiveBayes,0.2554716981132076,0.009479137122324881
KNN,0.2035849056603774,0.0158187040896024
DecisionTree,0.280377358490566,0.01735849056603775
