,mean,std
RandomForest,1.0,0.0
SVM,1.0,0.0
NaiveBayes,1.0,0.0
KNN,1.0,0.0
DecisionTree,0.9998980169317303,0.00015578178134036737
