,mean,std
RandomForest,0.920223050536153,0.002211948198655047
SVM,0.9065074683304974,0.0023437852908450648
NaiveBayes,0.7800076168868001,0.0008391033923543222
KNN,0.9020441347270616,0.0022381567379307905
DecisionTree,0.8772894957188775,0.0028532439905696607
