,mean,std
RandomForest,0.9334472189368827,0.004548380228834657
SVM,0.9087178291216205,0.003236841711486941
NaiveBayes,0.7602562009628359,0.006314596457662147
KNN,0.9007494461195048,0.005160928437825576
DecisionTree,0.9305009078642701,0.0033599563047456995
