,mean,std
RandomForest,0.28250000000000003,0.02182315284279518
SVM,0.2615,0.02356374333589636
NaiveBayes,0.2915,0.019754746265138408
KNN,0.26549999999999996,0.0367729520163938
DecisionTree,0.27749999999999997,0.016163229875244607
