,mean,std
RandomForest,0.9793749999999999,0.006281172263200559
SVM,0.9481250000000001,0.008860904299223649
NaiveBayes,0.896875,0.014856080405005877
KNN,0.7693749999999999,0.021369151246598456
DecisionTree,0.999375,0.0018749999999999936
