,mean,std
RandomForest,0.9326369283958622,0.0027915654748421987
SVM,0.9151327553142641,0.002662883852142176
NaiveBayes,0.7958398563055397,0.0010513073685021535
KNN,0.9016727439699646,0.0025016901082677875
DecisionTree,0.8794045863382223,0.0032936544916350612
