,mean,std
RandomForest,0.9033333333333335,0.01160699023098679
SVM,0.9191666666666668,0.008975274678557504
NaiveBayes,0.9083333333333332,0.009128709291752716
KNN,0.8991666666666667,0.015343293866268334
DecisionTree,0.865,0.014577379737113278
