,mean,std
RandomForest,0.5846162464985994,0.012504113831604128
SVM,0.5497731092436975,0.0063922335800884
NaiveBayes,0.5586946778711485,0.006454053838014177
KNN,0.5155574229691877,0.006847845255614268
DecisionTree,0.5101036414565827,0.020192391377407578
