,mean,std
RandomForest,0.289,0.014106735979665873
SVM,0.2535,0.022588713996153028
NaiveBayes,0.2815,0.019500000000000007
KNN,0.26799999999999996,0.0268514431641951
DecisionTree,0.26000000000000006,0.025099800796022264
