,mean,std
RandomForest,0.9093378911956458,0.0009297046181550929
SVM,0.8845023331914218,0.001016461699344095
NaiveBayes,0.8457060095331114,0.0030783178051137913
KNN,0.8696467239321162,0.0037859612268693367
DecisionTree,0.8939690132144615,0.0018307116281618622
