,mean,std
RandomForest,0.8829039753321511,0.004538722449084874
SVM,0.8586939317441322,0.003475253821491042
NaiveBayes,0.6938959303290502,0.002985921200153709
KNN,0.7489109983316009,0.0051487522212401065
DecisionTree,0.8474493584088189,0.009251289836393875
