,mean,std
RandomForest,0.33188679245283015,0.016108611425276607
SVM,0.2828301886792453,0.014380527556446225
NaiveBayes,0.27943396226415096,0.017053305742261604
KNN,0.2513207547169811,0.01609424008463103
DecisionTree,0.2816981132075471,0.014395373252990536
