,mean,std
RandomForest,0.9502970297029704,0.0031246997699127736
SVM,0.9325742574257425,0.0029186936580165423
NaiveBayes,0.8443564356435644,0.002019413668749638
KNN,0.7870297029702971,0.01064943425520282
DecisionTree,0.9025742574257427,0.006747217836594341
