,mean,std
RandomForest,0.8838811613999434,0.0037069298149993643
SVM,0.8787986207126319,0.003697153064049977
NaiveBayes,0.8347746997384686,0.00044350701255378857
KNN,0.867993536672719,0.004591670567065362
DecisionTree,0.8832453232496544,0.0039296491358301495
