,mean,std
RandomForest,0.9275,0.007499999999999988
SVM,0.9491666666666665,0.007168604389202209
NaiveBayes,0.83375,0.014725497539226877
KNN,0.9266666666666667,0.011516895800904411
DecisionTree,0.8462500000000001,0.018860783829593785
end2end,0.9320833333333335,0.0072288964887072945
