,mean,std
RandomForest,0.9949999999999999,0.006731456008918129
SVM,0.9887500000000001,0.00728868986855663
NaiveBayes,0.9349999999999999,0.00935414346693484
KNN,0.9887500000000001,0.006123724356957962
DecisionTree,0.9375,0.018957188610128864
end2end,0.9818749999999999,0.007629097259833579
