,mean,std
RandomForest,0.9194410426184257,0.00498294549810468
SVM,0.9227858771324499,0.005063030039492558
NaiveBayes,0.7175582847808807,0.004191587855366298
KNN,0.8692310514408504,0.007470253684174457
DecisionTree,0.8619590150330623,0.012114166550806797
end2end,0.8865822276185569,0.005622418168748783
