,mean,std
RandomForest,0.5846806722689075,0.01343182352476161
SVM,0.5797366946778711,0.01638658430891036
NaiveBayes,0.494109243697479,0.01920946665805305
KNN,0.5089411764705882,0.02196298436930406
DecisionTree,0.47829411764705876,0.025006888708737744
end2end,0.6422072829131653,0.009005641883415766
