,mean,std
RandomForest,0.2325,0.013462912017836266
SVM,0.231,0.016703293088490067
NaiveBayes,0.22899999999999995,0.008306623862918064
KNN,0.1975,0.015370426148939397
DecisionTree,0.22449999999999998,0.02328626204439003
end2end,0.277,0.012288205727444504
