,mean,std
RandomForest,0.7172506573839874,0.0009563206383101044
SVM,0.7160628417353269,0.0015692490965511945
NaiveBayes,0.6266979706660657,0.01487969064364764
KNN,0.6854693512976551,0.006550433641466214
DecisionTree,0.7011872480028047,0.0018711067487331228
end2end,0.9229530940873005,0.0023448354352532787
