,mean,std
RandomForest,0.9528621878696006,0.0031381350830761833
SVM,0.9542489713647948,0.0018793348069926642
NaiveBayes,0.922648798120971,0.00506763725069401
KNN,0.9169877230097783,0.004951279377817106
DecisionTree,0.9402650297346371,0.004108048513766853
end2end,0.9566170811747264,0.003613684585710024
