,mean,std
RandomForest,0.9266666666666665,0.008779711460710648
SVM,0.9504166666666667,0.006305310812675658
NaiveBayes,0.8308333333333333,0.015161171165550198
KNN,0.9262500000000001,0.010549157417643512
DecisionTree,0.8283333333333334,0.02567153633458228
end2end,0.9395833333333332,0.007739239842086117
