,mean,std
RandomForest,0.9518811881188117,0.001990074380419991
SVM,0.9746534653465346,0.00235135486872032
NaiveBayes,0.927029702970297,0.0030693069306930417
KNN,0.9481188118811881,0.0041347748550140725
DecisionTree,0.9075247524752473,0.008033846643604226
end2end,0.9777227722772277,0.00280916058596262
