,mean,std
RandomForest,1.0,0.0
SVM,1.0,0.0
NaiveBayes,0.9703561322661493,0.04533763248854493
KNN,1.0,0.0
DecisionTree,0.9998641188224017,0.00022528997240248426
end2end,1.0,0.0
