,mean,std
RandomForest,0.34811320754716985,0.012000059332949328
SVM,0.34169811320754717,0.01766847903186337
NaiveBayes,0.27471698113207543,0.010975878922452066
KNN,0.3083018867924528,0.013532393265691424
DecisionTree,0.270188679245283,0.01001245219729934
end2end,0.34377358490566035,0.007394686015949207
