,mean,std
RandomForest,0.9222448266524577,0.0062007445809504885
SVM,0.9243350424961347,0.003922067362781258
NaiveBayes,0.7178132615892593,0.0038806917282018807
KNN,0.8773457604318621,0.0036190653123619504
DecisionTree,0.8692320996497236,0.006133446382899341
end2end,0.888550065076301,0.006188009982436091
