,mean,std
RandomForest,0.9457236312562461,0.0016613909635919983
SVM,0.952347594738406,0.002094599264348505
NaiveBayes,0.7792193501337007,0.0053947489210882564
KNN,0.9354022094373768,0.0020144060941066837
DecisionTree,0.8918403695000403,0.005329310065756067
end2end,0.9042543283904599,0.0038851994245724737
