,mean,std
RandomForest,0.23100000000000004,0.016248076809271924
SVM,0.23700000000000002,0.017635192088548395
NaiveBayes,0.23149999999999998,0.010500000000000002
KNN,0.201,0.026153393661244036
DecisionTree,0.22050000000000006,0.011500000000000002
end2end,0.28500000000000003,0.02133072900770154
