,mean,std
RandomForest,1.0,0.0
SVM,1.0,0.0
NaiveBayes,0.9608148828291927,0.06435870448745167
KNN,1.0,0.0
DecisionTree,0.9996599794416916,0.0004024056643360302
end2end,1.0,0.0
