,mean,std
RandomForest,0.36,0.010047944872222157
SVM,0.3541509433962263,0.011478461263588785
NaiveBayes,0.27981132075471693,0.015306294877250609
KNN,0.3103773584905661,0.01590399283991435
DecisionTree,0.27075471698113207,0.01570124243122003
end2end,0.34358490566037736,0.019397290918590174
