,mean,std
RandomForest,0.9518210591194549,0.0033101465756630276
SVM,0.9553465709383484,0.002971228305715414
NaiveBayes,0.9225300261531542,0.0032899101703960008
KNN,0.9212025453515684,0.004788650554968205
DecisionTree,0.9400371474738052,0.004980090567624687
end2end,0.9561561526544619,0.003978184439049245
