,mean,std
RandomForest,0.9463270669583771,0.0028670863262984184
SVM,0.9525107905896334,0.0021776530236377652
NaiveBayes,0.7776135915511979,0.004286593361659691
KNN,0.936495637846744,0.0024572620972001845
DecisionTree,0.8900975879858466,0.006588919775818178
end2end,0.9052780703886774,0.003779576525311064
