,mean,std
RandomForest,0.9771428571428572,0.021380899352993952
SVM,0.9742857142857144,0.02373321103690879
NaiveBayes,0.5999999999999999,9.930136612989092e-17
KNN,0.9857142857142858,0.01916629694999821
DecisionTree,0.9085714285714286,0.05685642497752114
end2end,0.9828571428571429,0.0261861468283191
