,mean,std
RandomForest,0.5818627450980391,0.010913772422270828
SVM,0.5832745098039216,0.018316605430808406
NaiveBayes,0.4936414565826331,0.013783533590515344
KNN,0.49931932773109244,0.013202153757761513
DecisionTree,0.4830140056022409,0.027183390224425674
end2end,0.6348879551820729,0.013158179450331561
