,mean,std
RandomForest,0.994375,0.007629097259833565
SVM,0.9893750000000001,0.004001952648395538
NaiveBayes,0.9337500000000001,0.008926785535678557
KNN,0.99,0.005728219618694809
DecisionTree,0.943125,0.013535254892317326
end2end,0.9843750000000002,0.005762215285808081
