Classifier,Mean Accuracy,Std Accuracy
RandomForest,0.5755742296918768,0.044354183388946596
SVM,0.561344537815126,0.050442572053254635
NaiveBayes,0.40103641456582634,0.06671699721951788
KNN,0.46467787114845943,0.06201964067320652
DecisionTree,0.4786554621848739,0.061673115650042146
end2end,0.6132773109243697,0.034461569113734006
