Classifier,Mean Accuracy,Std Accuracy
RandomForest,0.23500000000000001,0.04636809247747852
SVM,0.22000000000000003,0.03316624790355401
NaiveBayes,0.2,0.041833001326703784
KNN,0.16999999999999998,0.06000000000000001
DecisionTree,0.225,0.05477225575051663
end2end,0.27499999999999997,0.06892024376045111
