Classifier,Mean Accuracy,Std Accuracy
RandomForest,0.9083333333333332,0.02825970826302195
SVM,0.9333333333333332,0.027638539919628315
NaiveBayes,0.7791666666666667,0.061237243569579436
KNN,0.925,0.031180478223116155
DecisionTree,0.8208333333333334,0.04677071733467427
end2end,0.9416666666666667,0.03061862178478974
