Classifier,Mean Accuracy,Std Accuracy
RandomForest,0.9184694403438124,0.014290163858560575
SVM,0.9197229234545471,0.018061080997014662
NaiveBayes,0.722411579214018,0.011550510318685056
KNN,0.8841947572086198,0.020340179465935655
DecisionTree,0.869151212865017,0.010324894571950733
end2end,0.9448109293245166,0.005435565247256604
