Classifier,Mean Accuracy,Std Accuracy
RandomForest,1.0,0.0
SVM,0.9625,0.023385358667337135
NaiveBayes,0.9,0.045927932677184584
KNN,0.95625,0.015309310892394862
DecisionTree,0.9375,0.03952847075210474
end2end,0.80625,0.08705242673240074
