Classifier,Mean Accuracy,Std Accuracy
RandomForest,0.9295247455481335,0.014087941657256246
SVM,0.9064200163248989,0.016664455969228956
NaiveBayes,0.8324732221685462,0.031990868359616384
KNN,0.8896636737685529,0.016660514719772132
DecisionTree,0.9121970315337077,0.008600894341145197
end2end,0.949156269260882,0.0077002152186644345
