Classifier,Mean Accuracy,Std Accuracy
RandomForest,0.9366336633663366,0.020387386417796003
SVM,0.9356435643564357,0.015654839901823633
NaiveBayes,0.8702970297029703,0.022006050268210783
KNN,0.9168316831683168,0.025704465318311196
DecisionTree,0.903960396039604,0.015841584158415856
end2end,0.9762376237623762,0.0072757121072767736
