Classifier,Mean Accuracy,Std Accuracy
RandomForest,0.9500259298274045,0.008678387066681241
SVM,0.9518863949436837,0.007914084971530238
NaiveBayes,0.7677905626232342,0.02325137341050022
KNN,0.9418893660697405,0.005996985493517225
DecisionTree,0.8953996164546363,0.00550989809662565
end2end,0.9674577965048753,0.0052964817926969155
