Classifier,Mean Accuracy,Std Accuracy
RandomForest,0.32452830188679244,0.01942571724714528
SVM,0.3245283018867925,0.028364710147873402
NaiveBayes,0.2433962264150943,0.04520433415362619
KNN,0.2622641509433962,0.03648882944493153
DecisionTree,0.26037735849056604,0.01749739338772774
end2end,0.3471698113207547,0.04360083021996734
