Classifier,Mean Accuracy,Std Accuracy
RandomForest,0.7035830140325394,0.010053704439468963
SVM,0.6918876729024233,0.012876896076727892
NaiveBayes,0.48500947467715144,0.02801725709865929
KNN,0.6456477423555633,0.013015135818169429
DecisionTree,0.6887806466154116,0.007730247451907651
end2end,0.929824280216707,0.004265839444589109
