,mean,std
RandomForest,0.3150943396226415,0.043885673017407575
SVM,0.25943396226415094,0.03708159246610102
NaiveBayes,0.2132075471698113,0.030482064946044364
KNN,0.2358490566037736,0.027342220275829124
DecisionTree,0.24716981132075472,0.027921978465941015
