,mean,std
RandomForest,0.5447058823529412,0.041444505773667144
SVM,0.5458823529411764,0.05472801576288474
NaiveBayes,0.3635294117647059,0.04157787540487599
KNN,0.4552941176470588,0.04588235294117648
DecisionTree,0.46235294117647063,0.04852138971129713
