,mean,std
RandomForest,0.9068893528183717,0.012216065835764343
SVM,0.8966597077244259,0.017247089396511792
NaiveBayes,0.713152400835073,0.008668283712746007
KNN,0.8569937369519833,0.012707455359944223
DecisionTree,0.8561586638830898,0.016713200467328125
