,mean,std
RandomForest,0.975,0.030618621784789725
SVM,0.9875,0.02072890493972125
NaiveBayes,0.8625,0.07551903733496608
KNN,0.95,0.04238956239453293
DecisionTree,0.928125,0.028125
