,mean,std
RandomForest,0.698173515981735,0.011342230455136285
SVM,0.6752511415525114,0.00975246690353424
NaiveBayes,0.3495890410958904,0.007200147340429961
KNN,0.6151598173515981,0.01990867579908677
DecisionTree,0.6778082191780822,0.013004001834759851
