,mean,std
RandomForest,0.9227722772277229,0.01994994225703948
SVM,0.9475247524752476,0.012562948059850995
NaiveBayes,0.8014851485148515,0.03031142478186461
KNN,0.9153465346534654,0.014760447045421354
DecisionTree,0.8712871287128714,0.02004797696169961
