,mean,std
RandomForest,0.9208333333333332,0.04145780987944249
SVM,0.9229166666666666,0.026434536542603162
NaiveBayes,0.7145833333333333,0.05896238207535376
KNN,0.88125,0.029536347664078803
DecisionTree,0.8333333333333334,0.03227486121839514
