,mean,std
RandomForest,0.255,0.05220153254455275
SVM,0.2575,0.055957573213998475
NaiveBayes,0.2725000000000001,0.057499999999999996
KNN,0.23500000000000001,0.0653834841531101
DecisionTree,0.24500000000000002,0.045825756949558406
