,mean,std
RandomForest,0.9216138328530258,0.010294277290773347
SVM,0.9046109510086454,0.009683168654992195
NaiveBayes,0.7368876080691643,0.009734493230002637
KNN,0.8587896253602306,0.01902890376855237
DecisionTree,0.907492795389049,0.008688653274744282
