,mean,std
RandomForest,1.0,0.0
SVM,1.0,0.0
NaiveBayes,0.9067911714770798,0.1864365977618037
KNN,1.0,0.0
DecisionTree,0.9996604414261461,0.0006791171477079861
