,mean,std
RandomForest,0.9436701509872243,0.007690979387290731
SVM,0.9354239256678282,0.006428967481114079
NaiveBayes,0.781068524970964,0.019746191085521524
KNN,0.9421602787456445,0.007873844950837752
DecisionTree,0.8918699186991871,0.009997160071082624
