,mean,std
RandomForest,0.5966974789915966,0.006644768427378879
SVM,0.6018935574229692,0.008136097248151135
NaiveBayes,0.5484089635854341,0.009846859155816425
KNN,0.570310924369748,0.0047233477748054005
DecisionTree,0.4837114845938376,0.009707296957151007
