,mean,std
RandomForest,0.288,0.023895606290697032
SVM,0.255,0.01870828693386971
NaiveBayes,0.30450000000000005,0.015724185193516385
KNN,0.2695,0.01903286631067428
DecisionTree,0.25,0.02156385865284782
