,mean,std
RandomForest,0.85,0.0315127840019817
SVM,0.9283333333333335,0.01114924013354966
NaiveBayes,0.8737499999999999,0.009510593508761135
KNN,0.8324999999999999,0.01654119436773267
DecisionTree,0.5237499999999999,0.03800813143993738
