,mean,std
RandomForest,0.8904654920903905,0.00488995895842642
SVM,0.8496651846157878,0.003989074532954566
NaiveBayes,0.7210737152889999,0.0038398163631175454
KNN,0.8431441898655672,0.006424941749856581
DecisionTree,0.7827385330316821,0.008710675777401129
