,mean,std
RandomForest,0.9324999999999999,0.009185586535436918
SVM,0.98375,0.005000000000000032
NaiveBayes,0.9400000000000001,0.009762812094883302
KNN,0.95875,0.008926785535678557
DecisionTree,0.78125,0.015051993223490366
