,mean,std
RandomForest,0.8942841198713998,0.00347423600416951
SVM,0.8836521130749114,0.0033237040962792188
NaiveBayes,0.7790864719894721,0.0102830391726564
KNN,0.8763725408538923,0.0034956755981371355
DecisionTree,0.8257067181955989,0.00738372225478244
