,mean,std
RandomForest,0.9376237623762375,0.004850474738184484
SVM,0.9780198019801979,0.0016448760124590503
NaiveBayes,0.9167326732673267,0.0048595608680427555
KNN,0.93990099009901,0.004107419507463632
DecisionTree,0.6866336633663366,0.016698658965731313
