,mean,std
RandomForest,0.895350484833752,0.0027859435051943364
SVM,0.925708613564541,0.0016643222939960163
NaiveBayes,0.7848897982335306,0.003106241417421413
KNN,0.9343795478486345,0.0020737862363815127
DecisionTree,0.7685029306107015,0.004669132096598461
