,mean,std
RandomForest,0.2756603773584906,0.014723027301810847
SVM,0.3241509433962264,0.018502114222084923
NaiveBayes,0.28490566037735854,0.021229559515524837
KNN,0.30245283018867924,0.010741468171690787
DecisionTree,0.2039622641509434,0.019268391601696827
