,mean,std
RandomForest,0.8735390548696502,0.001190849094200174
SVM,0.8950294257594349,0.002408647555824783
NaiveBayes,0.7751282128338051,0.006169927899242395
KNN,0.8870443848972812,0.003217217483587484
DecisionTree,0.7602535373519321,0.005484280862620393
