,mean,std
RandomForest,0.9295790508237409,0.0035851685716811422
SVM,0.9006343389248889,0.003352172303196624
NaiveBayes,0.7428060502073928,0.0035331553198013526
KNN,0.8360520397794472,0.006083727867142363
DecisionTree,0.94050007496127,0.0034323027929747214
