,mean,std
RandomForest,0.9398019801980197,0.0036189439371281324
SVM,0.9559405940594059,0.0027024443691002343
NaiveBayes,0.8347524752475248,0.002636341971424627
KNN,0.8813861386138614,0.0053830800867596925
DecisionTree,0.9075247524752477,0.00869033990395708
