,mean,std
RandomForest,0.904012892969139,0.00665687305933976
SVM,0.8580258732890172,0.005710145485789905
NaiveBayes,0.7119547348468305,0.002610871239292116
KNN,0.8130414653960045,0.00582254874169753
DecisionTree,0.8714467029463405,0.009187362494465839
