,mean,std
RandomForest,0.6004285714285714,0.01321547758404532
SVM,0.6274845938375351,0.011256620984067149
NaiveBayes,0.5152941176470589,0.008440840789574305
KNN,0.5475434173669467,0.011741073035305121
DecisionTree,0.5332240896358542,0.020283158421394713
