,mean,std
RandomForest,1.0,0.0
SVM,1.0,0.0
NaiveBayes,1.0,0.0
KNN,1.0,0.0
DecisionTree,0.9999320882852292,0.00013582342954157056
