,mean,std
RandomForest,0.2975471698113207,0.008355316915277192
SVM,0.24471698113207546,0.008730366265101337
NaiveBayes,0.2430188679245283,0.011408465251193175
KNN,0.20132075471698116,0.0130461840853302
DecisionTree,0.2692452830188679,0.02477452612849376
