,mean,std
RandomForest,0.8912090856727858,0.0019911292240312683
SVM,0.8758580050587262,0.001094204406785996
NaiveBayes,0.6732446804070354,0.00695188046472744
KNN,0.8385596320319216,0.00488838868217123
DecisionTree,0.8856903324902123,0.001837236835667073
