,mean,std
RandomForest,0.97875,0.00847791247890659
SVM,0.921875,0.008948638164547735
NaiveBayes,0.89375,0.010458250331675948
KNN,0.925,0.01767766952966367
DecisionTree,0.985,0.012247448713915894
