,mean,std
RandomForest,0.8995833333333334,0.008003905296791037
SVM,0.9012500000000001,0.009326262202333105
NaiveBayes,0.8004166666666667,0.011851218877773226
KNN,0.8295833333333335,0.009023503261544902
DecisionTree,0.8304166666666667,0.007228896488707266
