,mean,std
RandomForest,0.281,0.020591260281974024
SVM,0.273,0.018193405398660246
NaiveBayes,0.28950000000000004,0.013124404748406674
KNN,0.278,0.02039607805437113
DecisionTree,0.276,0.013747727084867519
