,mean,std
RandomForest,0.9295443373038383,0.0017946690255962433
SVM,0.9206649110012695,0.00187936952225844
NaiveBayes,0.77847402965724,0.0011976864678909986
KNN,0.925963617210923,0.0015031702532632039
DecisionTree,0.8826357129352024,0.0034745905895572334
